blueprint_path,blueprint_short,species_key,display_name_pt,dino_role,tier,prestige_rank,commerce_channel,R,B,mercado_0,mercado_254,encomenda_0,encomenda_254,id_loja_novo,id_loja_antigo_l1,id_loja_antigo_l200,price_antigo_l1,price_antigo_l200
/Game/Aberration/Dinos/Nameless/Xenomorph_Character_BP_Male.Xenomorph_Character_BP_Male,xenomorph_character_bp_male,xenomorph,Reaper,raid,A,68,market_p2p,16000,74000,16000,90000,25600,125500,xenomorph,xenomorph_femea,xenomorph,7000,21000
/Game/Abyss/Dinos/Abyssal/Ankylosaurus/Ankylo_Character_BP_Abyssal.Ankylo_Character_BP_Abyssal,ankylo_character_bp_abyssal,abyss_ankylo_abyssal,Anquilossauro Abissal,utilitario,C,30,market_p2p,700,7300,700,8000,1120,10975,abyss_ankylo_abyssal,,abyss_ankylo_abyssal,0,1000
/Game/Abyss/Dinos/Abyssal/Moschops/Moschops_Character_BP_Abyssal.Moschops_Character_BP_Abyssal,moschops_character_bp_abyssal,abyss_moschops_abyssal,Moschops Abissal,utilitario,C,18,market_p2p,600,7400,600,8000,960,10950,abyss_moschops_abyssal,,abyss_moschops_abyssal,0,500
/Game/Abyss/Dinos/Abyssal/Reaper/Reaper_Character_BP_Male_Abyssal.Reaper_Character_BP_Male_Abyssal,reaper_character_bp_male_abyssal,abyss_reaper_abyssal,Reaper Abissal,raid,A,70,market_p2p,16000,74000,16000,90000,25600,125500,abyss_reaper_abyssal,,abyss_reaper_abyssal,0,13000
/Game/Abyss/Dinos/Abyssal/Rex/Rex_Character_BP_Abyssal.Rex_Character_BP_Abyssal,rex_character_bp_abyssal,abyss_rex_abyssal,Rex Abissal,raid,A,72,market_p2p,16500,73500,16500,90000,26400,125625,abyss_rex_abyssal,,abyss_rex_abyssal,0,13000
/Game/Abyss/Dinos/Abyssal/Stego/Stego_Character_BP_Abyssal.Stego_Character_BP_Abyssal,stego_character_bp_abyssal,abyss_stego_abyssal,Stegossauro Abissal,utilitario,C,40,market_p2p,800,7200,800,8000,1280,11000,abyss_stego_abyssal,,abyss_stego_abyssal,0,2800
/Game/Abyss/Dinos/Abyssal/Therizinosaurus/Therizino_Character_BP_Abyssal.Therizino_Character_BP_Abyssal,therizino_character_bp_abyssal,abyss_theriz_abyssal,Therizinosaur Abissal,utilitario,B,52,market_p2p,2500,12500,2500,15000,4000,20875,abyss_theriz_abyssal,,abyss_theriz_abyssal,0,5500
/Game/Abyss/Dinos/Abyssal/Thylacoleo/Thylacoleo_Character_BP_Abyssal.Thylacoleo_Character_BP_Abyssal,thylacoleo_character_bp_abyssal,abyss_thyla_abyssal,Thylacoleo Abissal,ataque,B,48,market_p2p,3500,31500,3500,35000,5600,48125,abyss_thyla_abyssal,,abyss_thyla_abyssal,0,5200
/Game/Abyss/Dinos/Abyssal/Yutyrannus/Yutyrannus_Character_BP_Abyssal.Yutyrannus_Character_BP_Abyssal,yutyrannus_character_bp_abyssal,abyss_yuty_abyssal,Yutyrannus Abissal,ataque,A,68,market_p2p,10000,65000,10000,75000,16000,103750,abyss_yuty_abyssal,,abyss_yuty_abyssal,0,12500
/Game/Abyss/Dinos/Dakosaurus/Dakosaurus_Character_BP.Dakosaurus_Character_BP,dakosaurus_character_bp,abyss_dakosaurus,Dakosaurus,ataque,B,52,market_p2p,3500,31500,3500,35000,5600,48125,abyss_dakosaurus,,abyss_dakosaurus,0,9000
/Game/Abyss/Dinos/Homarus/Homarus_Character_BP.Homarus_Character_BP,homarus_character_bp,abyss_homarus,Lagosta (Homarus),utilitario,C,28,market_p2p,700,7300,700,8000,1120,10975,abyss_homarus,,abyss_homarus,0,1000
/Game/Abyss/Dinos/Istiophorus/Istiophorus_Character_BP.Istiophorus_Character_BP,istiophorus_character_bp,abyss_istiophorus,Marlim (Istiophorus),locomocao,C,30,market_p2p,1000,11000,1000,12000,1600,16450,abyss_istiophorus,,abyss_istiophorus,0,1000
/Game/Abyss/Dinos/Kathreptis/Kathreptis_Character_BP.Kathreptis_Character_BP,kathreptis_character_bp,abyss_kathreptis,Kathreptis,utilitario,C,28,market_p2p,700,7300,700,8000,1120,10975,abyss_kathreptis,,abyss_kathreptis,0,1000
/Game/Abyss/Dinos/Malleocephalus/Malleocephalus_Character_BP.Malleocephalus_Character_BP,malleocephalus_character_bp,abyss_malleocephalus,Malleocephalus,utilitario,C,28,market_p2p,700,7300,700,8000,1120,10975,abyss_malleocephalus,,abyss_malleocephalus,0,1000
/Game/Abyss/Dinos/MantisShrimp/MantisShrimp_Character_BP.MantisShrimp_Character_BP,mantisshrimp_character_bp,abyss_mantis_shrimp,Camarão-mantis,ataque,C,32,market_p2p,1500,13500,1500,15000,2400,20625,abyss_mantis_shrimp,,abyss_mantis_shrimp,0,1000
/Game/Abyss/Dinos/Monodon/Monodon_Character_BP.Monodon_Character_BP,monodon_character_bp,abyss_monodon,Narval (Monodon),utilitario,C,18,market_p2p,600,7400,600,8000,960,10950,abyss_monodon,,abyss_monodon,0,500
/Game/Abyss/Dinos/Mudpuppy/Mudpuppy_Character_BP.Mudpuppy_Character_BP,mudpuppy_character_bp,abyss_mudpuppy,Mudpuppy,utilitario,C,22,market_p2p,650,7350,650,8000,1039,10962,abyss_mudpuppy,,abyss_mudpuppy,0,700
/Game/Abyss/Dinos/Ocepechelon/Ocepechelon_Character_BP.Ocepechelon_Character_BP,ocepechelon_character_bp,abyss_ocepechelon,Ocepechelon,utilitario,C,28,market_p2p,700,7300,700,8000,1120,10975,abyss_ocepechelon,,abyss_ocepechelon,0,1000
/Game/Abyss/Dinos/Onchopristis/Onchopristis_Character_BP.Onchopristis_Character_BP,onchopristis_character_bp,abyss_onchopristis,Onchopristis,ataque,C,30,market_p2p,1200,13800,1200,15000,1920,20550,abyss_onchopristis,,abyss_onchopristis,0,1000
/Game/Abyss/Dinos/Qarmoutus/Qarmoutus_Character_BP.Qarmoutus_Character_BP,qarmoutus_character_bp,abyss_qarmoutus,Qarmoutus,utilitario,C,28,market_p2p,700,7300,700,8000,1120,10975,abyss_qarmoutus,,abyss_qarmoutus,0,1000
/Game/Abyss/Dinos/RiftCrawler/RiftCrawler_Character_BP.RiftCrawler_Character_BP,riftcrawler_character_bp,abyss_riftcrawler,Rift Crawler,ataque,B,48,market_p2p,3500,31500,3500,35000,5600,48125,abyss_riftcrawler,,abyss_riftcrawler,0,5200
/Game/Abyss/Dinos/Seahorse/Seahorse_Character_BP.Seahorse_Character_BP,seahorse_character_bp,abyss_seahorse,Cavalo-marinho,utilitario,C,20,market_p2p,650,7350,650,8000,1039,10962,abyss_seahorse,,abyss_seahorse,0,600
/Game/Abyss/Dinos/Stereolepis/Stereolepis_Character_BP.Stereolepis_Character_BP,stereolepis_character_bp,abyss_stereolepis,Stereolepis,utilitario,C,38,market_p2p,800,7200,800,8000,1280,11000,abyss_stereolepis,,abyss_stereolepis,0,2800
/Game/Abyss/Dinos/Takifugu/Takifugu_Character_BP.Takifugu_Character_BP,takifugu_character_bp,abyss_takifugu,Baiacu (Takifugu),utilitario,C,25,market_p2p,700,7300,700,8000,1120,10975,abyss_takifugu,,abyss_takifugu,0,800
/Game/Abyss/Dinos/Thunnus/Thunnus_Character_BP.Thunnus_Character_BP,thunnus_character_bp,abyss_thunnus,Atum (Thunnus),utilitario,C,32,market_p2p,700,7300,700,8000,1120,10975,abyss_thunnus,,abyss_thunnus,0,2200
/Game/Abyss/Dinos/Tiktaalik/Tiktaalik_Character_BP.Tiktaalik_Character_BP,tiktaalik_character_bp,abyss_tiktaalik,Tiktaalik,utilitario,C,35,market_p2p,800,7200,800,8000,1280,11000,abyss_tiktaalik,,abyss_tiktaalik,0,3000
/Game/Abyss/Dinos/Tridacna/Tridacna_Character_BP.Tridacna_Character_BP,tridacna_character_bp,abyss_tridacna,Tridacna,utilitario,C,35,market_p2p,800,7200,800,8000,1280,11000,abyss_tridacna,,abyss_tridacna,0,2500
/Game/Abyss/Dinos/Vulcanite/Vulcanite_Character_BP.Vulcanite_Character_BP,vulcanite_character_bp,abyss_vulcanite,Vulcanita,ataque,B,50,market_p2p,3500,31500,3500,35000,5600,48125,abyss_vulcanite,,abyss_vulcanite,0,5500
/Game/Abyss/Dinos/WaterWyvern/Wyvern_Character_BP_Water.Wyvern_Character_BP_Water,wyvern_character_bp_water,abyss_water_wyvern,Wyvern Aquática,locomocao,A,62,market_p2p,6500,35500,6500,42000,10400,58325,abyss_water_wyvern,,abyss_water_wyvern,0,6000
/Game/Fjordur/Dinos/Desmodus/Desmodus_Character_BP.Desmodus_Character_BP,desmodus_character_bp,desmodus,Desmodus,locomocao,A,70,market_p2p,7000,35000,7000,42000,11200,58450,desmodus,desmodus_femea,desmodus,8000,20000
/Game/Genesis/Dinos/BiomeVariants/Volcano_Rex/Volcano_Rex_Character_BP.Volcano_Rex_Character_BP,volcano_rex_character_bp,volcanorex,Volcano Rex,ataque,A,66,market_p2p,9500,65500,9500,75000,15200,103625,volcanorex,volcanorex_femea,volcanorex,10000,25000
/Game/Genesis2/Dinos/LionfishLion/LionfishLion_Character_BP.LionfishLion_Character_BP,lionfishlion_character_bp,lionfish,Shadowmane,raid,S,78,market_p2p,35000,95000,35000,130000,56000,184250,lionfish,lionfish_femea,lionfish,10000,27500
/Game/Genesis2/Dinos/SpaceDolphin/SpaceDolphin_Character_BP.SpaceDolphin_Character_BP,spacedolphin_character_bp,astrodelphis,Astrodelphis,locomocao,A,72,market_p2p,7000,35000,7000,42000,11200,58450,astrodelphis,astrodelphis_1,astrodelphis_200,6000,12000
/Game/Genesis2/Dinos/Summoner/SummonedDinos/Xenomorph_Character_BP_Male_Gen2_Summoned.Xenomorph_Character_BP_Male_Gen2_Summoned,xenomorph_character_bp_male_gen2_summoned,xenomorphgen2,Reaper Gen2,raid,A,69,market_p2p,16000,74000,16000,90000,25600,125500,xenomorphgen2,xenomorphgen2_femea,xenomorphgen2,8000,20000
/Game/Genesis2/Dinos/TekStrider/TekStrider_Character_BP.TekStrider_Character_BP,tekstrider_character_bp,tekstrider,Tek Strider,boss,S+,85,catalog_only,35000,115000,35000,150000,56000,211250,tekstrider,tekstrider_femea,tekstrider,30000,52500
/Game/Mods/Additions_Pack/Acrocanthosaurus/Dinos/Acrocanthosaurus_Character_BP.Acrocanthosaurus_Character_BP,acrocanthosaurus_character_bp,acro,Acrocantossauro,ataque,S,80,market_p2p,22000,86000,22000,108000,35200,151300,acro,acrocanto_femea,acro,8000,45000
/Game/Mods/Additions_Pack/Archelon/Dinos/Archelon_Character_BP.Archelon_Character_BP,archelon_character_bp,archelon,Archelon,utilitario,B,48,market_p2p,2500,12500,2500,15000,4000,20875,archelon,,archelon,0,7000
/Game/Mods/Additions_Pack/Brachiosaurus/Dinos/Brachiosaurus_Character_BP.Brachiosaurus_Character_BP,brachiosaurus_character_bp,brachio,Brachiosaurus,utilitario,B,55,market_p2p,2500,12500,2500,15000,4000,20875,brachio,,brachio,0,10000
/Game/Mods/Additions_Pack/Concavenator/Dino/Concavenator_Character_BP.Concavenator_Character_BP,concavenator_character_bp,concavenator,Concavenator,ataque,B,48,market_p2p,3500,31500,3500,35000,5600,48125,concavenator,,concavenator,0,6000
/Game/Mods/Additions_Pack/Cryolophosaurus/Dinos/Cryolophosaurus_Character_BP.Cryolophosaurus_Character_BP,cryolophosaurus_character_bp,cryolophosaurus,Cryolophosaurus,ataque,B,45,market_p2p,3500,31500,3500,35000,5600,48125,cryolophosaurus,,cryolophosaurus,0,5000
/Game/Mods/Additions_Pack/Deinosuchus/Dino/Deinosuchus_Character_BP.Deinosuchus_Character_BP,deinosuchus_character_bp,deinosuchus,Deinosuchus,ataque,B,50,market_p2p,3500,31500,3500,35000,5600,48125,deinosuchus,,deinosuchus,0,9000
/Game/Mods/Additions_Pack/Xiphactinus/Dino/Xiph_Character_BP.Xiph_Character_BP,xiph_character_bp,xiphactinus,Xiphactinus,ataque,B,50,market_p2p,3500,31500,3500,35000,5600,48125,xiphactinus,,xiphactinus,0,6500
/Game/Mods/Funny_Creatures/AncientWyvern/Wyvern_Character_BP_Ancient.Wyvern_Character_BP_Ancient,wyvern_character_bp_ancient,ancient_wyvern,Ancient Wyvern,boss,S+,88,market_p2p,86000,64000,86000,150000,137600,224000,ancient_wyvern,,ancient_wyvern,0,38000
/Game/Mods/Funny_Creatures/DreadWyvern/Wyvern_Character_BP_Dread.Wyvern_Character_BP_Dread,wyvern_character_bp_dread,dread_wyvern,Dread Wyvern,boss,S+,90,market_p2p,88000,62000,88000,150000,140800,224500,dread_wyvern,,dread_wyvern,0,42000
/Game/Mods/Funny_Creatures/Shimosaur/Shimosaur_Character_BP.Shimosaur_Character_BP,shimosaur_character_bp,shimosaur,Shimosaur,ataque,A,64,market_p2p,9500,65500,9500,75000,15200,103625,shimosaur,,shimosaur,0,11000
/Game/Mods/GrandHunt/Monsters/Armaedron/Armaedron_Character_BP.Armaedron_Character_BP,armaedron_character_bp,armaedron,Armaedron,boss,S+,98,market_p2p,95000,55000,95000,150000,152000,226250,armaedron,armaedron_femea,armaedron,35000,50000
/Game/Mods/GrandHunt/Monsters/DiruYaKu/DiruYaKu_Character_BP.DiruYaKu_Character_BP,diruyaku_character_bp,diru_ya_ku,Diru-Ya-Ku,ataque,C,38,market_p2p,1500,13500,1500,15000,2400,20625,diru_ya_ku,,diru_ya_ku,0,3000
/Game/Mods/GrandHunt/Monsters/KutsuYaKu/KutsuYaKu_Character_BP.KutsuYaKu_Character_BP,kutsuyaku_character_bp,kutsu_ya_ku,Kutsu-Ya-Ku,ataque,B,45,market_p2p,3500,31500,3500,35000,5600,48125,kutsu_ya_ku,,kutsu_ya_ku,0,5000
/Game/Mods/GrandHunt/Monsters/Puretotokage/Puretotokage_Character_BP.Puretotokage_Character_BP,puretotokage_character_bp,puretotokage,Puretotokage,ataque,A,65,market_p2p,9500,65500,9500,75000,15200,103625,puretotokage,,puretotokage,0,12000
/Game/Mods/IndominusRex/IndoRaptor/IndoRaptorBlueprints/NewIndoRaptor_Character_BP.NewIndoRaptor_Character_BP,newindoraptor_character_bp,indoraptor,IndoRaptor,boss,S+,87,market_p2p,84000,66000,84000,150000,134400,223500,indoraptor,indoraptor_femea,indoraptor,6000,12000
/Game/Mods/IndominusRex/Models/IndominusRex_Character_BP.IndominusRex_Character_BP,indominusrex_character_bp,indominus,Indominus Rex,boss,S+,92,market_p2p,70000,80000,70000,150000,112000,220000,indominus,indominus_femea,indominus,20000,55000
/Game/Mods/SmallBosses/CrystalQueen/CrystalWyvern_Character_BP_Descendant_Blood.CrystalWyvern_Character_BP_Descendant_Blood,crystalwyvern_character_bp_descendant_blood,sb_crystal_blood,Crystal Wyvern Blood Descendant,raid,A,60,market_p2p,15000,75000,15000,90000,24000,125250,sb_crystal_blood,sb_crystal_blood,sb_crystal_blood_200,6000,12000
/Game/Mods/SmallBosses/CrystalQueen/CrystalWyvern_Character_BP_Descendant_Ember.CrystalWyvern_Character_BP_Descendant_Ember,crystalwyvern_character_bp_descendant_ember,sb_crystal_ember,Crystal Wyvern Ember Descendant,raid,A,60,market_p2p,15000,75000,15000,90000,24000,125250,sb_crystal_ember,sb_crystal_ember,sb_crystal_ember_200,6000,12000
/Game/Mods/SmallBosses/CrystalQueen/CrystalWyvern_Character_BP_Descendant_Tropical.CrystalWyvern_Character_BP_Descendant_Tropical,crystalwyvern_character_bp_descendant_tropical,sb_crystal_tropical,Crystal Wyvern Tropical Descendant,ataque,B,50,market_p2p,3500,31500,3500,35000,5600,48125,sb_crystal_tropical,sb_crystal_tropical,sb_crystal_tropical_200,6000,12000
/Game/Mods/SmallBosses/CrystalQueen/CrystalWyvern_Character_BP_Queen.CrystalWyvern_Character_BP_Queen,crystalwyvern_character_bp_queen,sb_crystal_queen,Crystal Wyvern Queen,boss,A,67,market_p2p,25000,95000,25000,120000,40000,168250,sb_crystal_queen,sb_crystal_queen,sb_crystal_queen_200,7000,14000
/Game/Mods/SmallBosses/FireElemental/FireElemental_Character_BP.FireElemental_Character_BP,fireelemental_character_bp,sb_fire_elemental,Fire Elemental,boss,A,68,market_p2p,25000,95000,25000,120000,40000,168250,sb_fire_elemental,sb_fire_elemental,sb_fire_elemental_200,8000,14000
/Game/Mods/SmallBosses/FireElemental/FireElemental_Character_BP_Tameable.FireElemental_Character_BP_Tameable,fireelemental_character_bp_tameable,sb_fire_elemental_tame,Fire Elemental Domável,boss,A,68,market_p2p,25000,95000,25000,120000,40000,168250,sb_fire_elemental_tame,sb_fire_elemental_tame,sb_fire_elemental_tame_200,8000,14000
/Game/Mods/SmallBosses/SmallBroodmother/SmallBroodmother_Character_BP.SmallBroodmother_Character_BP,smallbroodmother_character_bp,sb_broodmother,Small Broodmother,boss,A,68,market_p2p,25000,95000,25000,120000,40000,168250,sb_broodmother,sb_broodmother,sb_broodmother_200,7500,14000
/Game/Mods/SmallBosses/SmallCyclops/SmallCyclops_Character_BP.SmallCyclops_Character_BP,smallcyclops_character_bp,sb_cyclops,Small Cyclops,boss,A,62,market_p2p,24000,96000,24000,120000,38400,168000,sb_cyclops,sb_cyclops,sb_cyclops_200,6000,12000
/Game/Mods/SmallBosses/SmallDesertTitan/DesertTitan_Character_BP_SB.DesertTitan_Character_BP_SB,deserttitan_character_bp_sb,sb_desert_titan,Small Desert Titan,boss,A,67,market_p2p,25000,95000,25000,120000,40000,168250,sb_desert_titan,sb_desert_titan,sb_desert_titan_200,7000,14000
/Game/Mods/SmallBosses/SmallDodoRex/SmallDodoRex_Character_BP.SmallDodoRex_Character_BP,smalldodorex_character_bp,sb_dodorex,Small DodoRex,boss,A,66,market_p2p,25000,95000,25000,120000,40000,168250,sb_dodorex,sb_dodorex,sb_dodorex_200,7000,14000
/Game/Mods/SmallBosses/SmallDodoreaper/SmallDodoreaper_Character_BP.SmallDodoreaper_Character_BP,smalldodoreaper_character_bp,sb_dodoreaper,Small Dodoreaper,boss,A,66,market_p2p,25000,95000,25000,120000,40000,168250,sb_dodoreaper,sb_dodoreaper,sb_dodoreaper_200,7000,14000
/Game/Mods/SmallBosses/SmallDodowyvern/SmallDodowyvern_Character_BP.SmallDodowyvern_Character_BP,smalldodowyvern_character_bp,sb_dodowyvern,Small Dodowyvern,raid,B,58,market_p2p,6000,39000,6000,45000,9600,62250,sb_dodowyvern,sb_dodowyvern,sb_dodowyvern_200,5000,10000
/Game/Mods/SmallBosses/SmallDragon/SmallDragon_Character_BP.SmallDragon_Character_BP,smalldragon_character_bp,sb_small_dragon,Small Dragon,boss,A,70,market_p2p,25500,94500,25500,120000,40800,168375,sb_small_dragon,sb_small_dragon,sb_small_dragon_200,8000,15000
/Game/Mods/SmallBosses/SmallDragon/Volcano_SmallDragon_Character_BP.Volcano_SmallDragon_Character_BP,volcano_smalldragon_character_bp,sb_volcano_dragon,Volcano Small Dragon,boss,A,72,market_p2p,26000,94000,26000,120000,41600,168500,sb_volcano_dragon,sb_volcano_dragon,sb_volcano_dragon_200,8500,15500
/Game/Mods/SmallBosses/SmallDrake/SmallDrake_Character_BP_Fire.SmallDrake_Character_BP_Fire,smalldrake_character_bp_fire,sb_drake_fire,Small Drake Fogo,raid,A,63,market_p2p,15500,74500,15500,90000,24800,125375,sb_drake_fire,sb_drake_fire,sb_drake_fire_200,5500,11000
/Game/Mods/SmallBosses/SmallHippocampus/SmallHippocampus_Character_BP.SmallHippocampus_Character_BP,smallhippocampus_character_bp,sb_hippocampus,Small Hippocampus,locomocao,A,58,market_p2p,6500,35500,6500,42000,10400,58325,sb_hippocampus,sb_hippocampus,sb_hippocampus_200,6000,12000
/Game/Mods/SmallBosses/SmallHydra/SmallHydra_Character_BP.SmallHydra_Character_BP,smallhydra_character_bp,sb_hydra,Small Hydra,boss,S,74,market_p2p,52000,98000,52000,150000,83200,215500,sb_hydra,sb_hydra,sb_hydra_200,9000,14000
/Game/Mods/SmallBosses/SmallManticore/SmallManticore_Character_BP.SmallManticore_Character_BP,smallmanticore_character_bp,sb_manticore,Small Manticore,boss,A,65,market_p2p,24500,95500,24500,120000,39200,168125,sb_manticore,sb_manticore,sb_manticore_200,7000,14000
/Game/Mods/SmallBosses/SmallMegapithecus/SmallGorilla_Character_BP.SmallGorilla_Character_BP,smallgorilla_character_bp,sb_megapithecus,Small Megapithecus,boss,A,64,market_p2p,24500,95500,24500,120000,39200,168125,sb_megapithecus,sb_megapithecus,sb_megapithecus_200,6500,11500
/Game/Mods/SmallBosses/SmallMoeder/SmallMoeder_Character_BP.SmallMoeder_Character_BP,smallmoeder_character_bp,sb_moeder,Small Moeder,boss,B,55,market_p2p,5000,20000,5000,25000,8000,35000,sb_moeder,sb_moeder,sb_moeder_200,3500,6500
/Game/PrimalEarth/Dinos/Carcharodontosaurus/Carcha_Character_BP.Carcha_Character_BP,carcha_character_bp,carcha,Carcharodontosaurus,raid,S+,88,market_p2p,25000,125000,25000,150000,40000,208750,carcha,carcha_femea,carcha,12000,30000
/Game/PrimalEarth/Dinos/Giganotosaurus/BionicGigant_Character_BP.BionicGigant_Character_BP,bionicgigant_character_bp,bionicgigant,Giganotossauro Tek,ataque,S+,86,market_p2p,46000,104000,46000,150000,73600,214000,bionicgigant,bionicgigant_femea,bionicgigant,25000,44000
/Game/PrimalEarth/Dinos/Giganotosaurus/Gigant_Character_BP.Gigant_Character_BP,gigant_character_bp,giga,Giganotosaurus,ataque,S,82,market_p2p,22500,85500,22500,108000,36000,151425,giga,giga_femea,giga,15000,37500
/Game/PrimalEarth/Dinos/Megalosaurus/Megalosaurus_Character_BP.Megalosaurus_Character_BP,megalosaurus_character_bp,megalosaurus,Megalosaurus,ataque,A,62,market_p2p,9000,66000,9000,75000,14400,103500,megalosaurus,megalosaurus_femea,megalosaurus,6000,18000
/Game/PrimalEarth/Dinos/Megalosaurus/Megalosaurus_Character_BP_Aberrant.Megalosaurus_Character_BP_Aberrant,megalosaurus_character_bp_aberrant,megalosaurus_aberrant,Megalosaurus Aberrante,ataque,A,64,market_p2p,9500,65500,9500,75000,15200,103625,megalosaurus_aberrant,megalosaurus_aberrant_femea,megalosaurus_aberrant,7000,21000
/Game/PrimalEarth/Dinos/Raptor/Uberraptor/Deinonychus_Character_BP.Deinonychus_Character_BP,deinonychus_character_bp,deinonychus,Deinonychus,ataque,A,65,market_p2p,9500,65500,9500,75000,15200,103625,deinonychus,deinonychus_femea,deinonychus,5000,15000
/Game/PrimalEarth/Dinos/Rex/BionicRex_Character_BP.BionicRex_Character_BP,bionicrex_character_bp,bionicrex,Rex Tek,ataque,S+,84,market_p2p,45000,105000,45000,150000,72000,213750,bionicrex,bionicrex_femea,bionicrex,20000,35000
/Game/PrimalEarth/Dinos/Rex/Rex_Character_BP.Rex_Character_BP,rex_character_bp,rex,Rex,ataque,S,75,market_p2p,18000,90000,18000,108000,28800,150300,rex,rex_femea,rex,5000,15000
/Game/PrimalEarth/Dinos/Allosaurus/Allo_Character_BP.Allo_Character_BP,Allo_Character_BP.Allo_Character_BP,allosaurus,Allosaurus,ataque,B,46,market_p2p,3500,31500,3500,35000,5600,48125,allosaurus,,allosaurus,0,0
/Game/PrimalEarth/Dinos/Ankylosaurus/Ankylo_Character_BP.Ankylo_Character_BP,Ankylo_Character_BP.Ankylo_Character_BP,ankylosaurus,Anquilossauro,utilitario,B,46,market_p2p,2500,12500,2500,15000,4000,20875,ankylosaurus,,ankylosaurus,0,0
/Game/PrimalEarth/Dinos/Argentavis/Argent_Character_BP.Argent_Character_BP,Argent_Character_BP.Argent_Character_BP,argentavis,Argentavis,locomocao,B,46,market_p2p,3500,31500,3500,35000,5600,48125,argentavis,,argentavis,0,0
/Game/PrimalEarth/Dinos/Baryonyx/Baryonyx_Character_BP.Baryonyx_Character_BP,Baryonyx_Character_BP.Baryonyx_Character_BP,baryonyx,Baryonyx,ataque,B,46,market_p2p,3500,31500,3500,35000,5600,48125,baryonyx,,baryonyx,0,0
/Game/PrimalEarth/Dinos/Basilosaurus/Basilosaurus_Character_BP.Basilosaurus_Character_BP,Basilosaurus_Character_BP.Basilosaurus_Character_BP,basilosaurus,Basilosaurus,utilitario,B,46,market_p2p,2500,12500,2500,15000,4000,20875,basilosaurus,,basilosaurus,0,0
/Game/PrimalEarth/Dinos/Sauropod/Sauropod_Character_BP.Sauropod_Character_BP,Sauropod_Character_BP.Sauropod_Character_BP,brontosaurus,Brontossauro,utilitario,C,28,market_p2p,800,7200,800,8000,1280,11000,brontosaurus,,brontosaurus,0,0
/Game/PrimalEarth/Dinos/Turtle/Turtle_Character_BP.Turtle_Character_BP,Turtle_Character_BP.Turtle_Character_BP,carbonemys,Carbonemys,utilitario,C,28,market_p2p,800,7200,800,8000,1280,11000,carbonemys,,carbonemys,0,0
/Game/PrimalEarth/Dinos/Carno/Carno_Character_BP.Carno_Character_BP,Carno_Character_BP.Carno_Character_BP,carnotaurus,Carnotauro,ataque,B,46,market_p2p,3500,31500,3500,35000,5600,48125,carnotaurus,,carnotaurus,0,0
/Game/PrimalEarth/Dinos/Beaver/Beaver_Character_BP.Beaver_Character_BP,Beaver_Character_BP.Beaver_Character_BP,castoroides,Castoroides,utilitario,B,46,market_p2p,2500,12500,2500,15000,4000,20875,castoroides,,castoroides,0,0
/Game/PrimalEarth/Dinos/Daeodon/Daeodon_Character_BP.Daeodon_Character_BP,Daeodon_Character_BP.Daeodon_Character_BP,daeodon,Daeodon,utilitario,B,46,market_p2p,2500,12500,2500,15000,4000,20875,daeodon,,daeodon,0,0
/Game/PrimalEarth/Dinos/Dilo/Dilo_Character_BP.Dilo_Character_BP,Dilo_Character_BP.Dilo_Character_BP,dilophosaur,Dilofoossauro,ataque,C,28,market_p2p,1500,13500,1500,15000,2400,20625,dilophosaur,,dilophosaur,0,0
/Game/PrimalEarth/Dinos/Diplodocus/Diplodocus_Character_BP.Diplodocus_Character_BP,Diplodocus_Character_BP.Diplodocus_Character_BP,diplodocus,Diplodocus,utilitario,C,28,market_p2p,800,7200,800,8000,1280,11000,diplodocus,,diplodocus,0,0
/Game/PrimalEarth/Dinos/Direbear/Direbear_Character_BP.Direbear_Character_BP,Direbear_Character_BP.Direbear_Character_BP,direbear,Urso Temível (Direbear),ataque,B,46,market_p2p,3500,31500,3500,35000,5600,48125,direbear,,direbear,0,0
/Game/PrimalEarth/Dinos/Direwolf/Direwolf_Character_BP.Direwolf_Character_BP,Direwolf_Character_BP.Direwolf_Character_BP,direwolf,Lobo Temível (Direwolf),ataque,B,46,market_p2p,3500,31500,3500,35000,5600,48125,direwolf,,direwolf,0,0
/Game/PrimalEarth/Dinos/Doedicurus/Doed_Character_BP.Doed_Character_BP,Doed_Character_BP.Doed_Character_BP,doedicurus,Doedicurus,utilitario,B,46,market_p2p,2500,12500,2500,15000,4000,20875,doedicurus,,doedicurus,0,0
/Game/PrimalEarth/Dinos/Dunkleosteus/Dunkle_Character_BP.Dunkle_Character_BP,Dunkle_Character_BP.Dunkle_Character_BP,dunkleosteus,Dunkleosteus,utilitario,B,46,market_p2p,2500,12500,2500,15000,4000,20875,dunkleosteus,,dunkleosteus,0,0
/Game/PrimalEarth/Dinos/Eel/Eel_Character_BP.Eel_Character_BP,Eel_Character_BP.Eel_Character_BP,electrophorus,Electrophorus,ataque,C,28,market_p2p,1500,13500,1500,15000,2400,20625,electrophorus,,electrophorus,0,0
/Game/PrimalEarth/Dinos/Equus/Equus_Character_BP.Equus_Character_BP,Equus_Character_BP.Equus_Character_BP,equus,Equus,locomocao,C,28,market_p2p,1000,7000,1000,8000,1600,11050,equus,,equus,0,0
/Game/PrimalEarth/Dinos/Gallimimus/Galli_Character_BP.Galli_Character_BP,Galli_Character_BP.Galli_Character_BP,gallimimus,Gallimimus,locomocao,C,28,market_p2p,1000,7000,1000,8000,1600,11050,gallimimus,,gallimimus,0,0
/Game/PrimalEarth/Dinos/Iguanodon/Iguanodon_Character_BP.Iguanodon_Character_BP,Iguanodon_Character_BP.Iguanodon_Character_BP,iguanodon,Iguanodon,utilitario,C,28,market_p2p,800,7200,800,8000,1280,11000,iguanodon,,iguanodon,0,0
/Game/PrimalEarth/Dinos/Kaprosuchus/Kaprosuchus_Character_BP.Kaprosuchus_Character_BP,Kaprosuchus_Character_BP.Kaprosuchus_Character_BP,kaprosuchus,Kaprosuchus,ataque,B,46,market_p2p,3500,31500,3500,35000,5600,48125,kaprosuchus,,kaprosuchus,0,0
/Game/PrimalEarth/Dinos/Lystrosaurus/Lystro_Character_BP.Lystro_Character_BP,Lystro_Character_BP.Lystro_Character_BP,lystrosaurus,Lystrosaurus,utilitario,C,28,market_p2p,800,7200,800,8000,1280,11000,lystrosaurus,,lystrosaurus,0,0
/Game/PrimalEarth/Dinos/Mammoth/Mammoth_Character_BP.Mammoth_Character_BP,Mammoth_Character_BP.Mammoth_Character_BP,mammoth,Mamute (Mammoth),utilitario,B,46,market_p2p,2500,12500,2500,15000,4000,20875,mammoth,,mammoth,0,0
/Game/PrimalEarth/Dinos/Manta/Manta_Character_BP.Manta_Character_BP,Manta_Character_BP.Manta_Character_BP,manta,Manta,ataque,C,28,market_p2p,1500,13500,1500,15000,2400,20625,manta,,manta,0,0
/Game/PrimalEarth/Dinos/Stag/Stag_Character_BP.Stag_Character_BP,Stag_Character_BP.Stag_Character_BP,megaloceros,Megaloceros,locomocao,C,28,market_p2p,1000,7000,1000,8000,1600,11050,megaloceros,,megaloceros,0,0
/Game/PrimalEarth/Dinos/Megalodon/Megalodon_Character_BP.Megalodon_Character_BP,Megalodon_Character_BP.Megalodon_Character_BP,megalodon,Megalodonte (Megalodon),ataque,B,46,market_p2p,3500,31500,3500,35000,5600,48125,megalodon,,megalodon,0,0
/Game/PrimalEarth/Dinos/Monkey/Monkey_Character_BP.Monkey_Character_BP,Monkey_Character_BP.Monkey_Character_BP,mesopithecus,Mesopithecus,utilitario,C,28,market_p2p,800,7200,800,8000,1280,11000,mesopithecus,,mesopithecus,0,0
/Game/PrimalEarth/Dinos/Moschops/Moschops_Character_BP.Moschops_Character_BP,Moschops_Character_BP.Moschops_Character_BP,moschops,Moschops,utilitario,C,28,market_p2p,800,7200,800,8000,1280,11000,moschops,,moschops,0,0
/Game/PrimalEarth/Dinos/Mosa/Mosa_Character_BP.Mosa_Character_BP,Mosa_Character_BP.Mosa_Character_BP,mosasaurus,Mosassauro (Mosasaurus),ataque,A,62,market_p2p,9500,65500,9500,75000,15200,103625,mosasaurus,,mosasaurus,0,0
/Game/PrimalEarth/Dinos/Pachy/Pachy_Character_BP.Pachy_Character_BP,Pachy_Character_BP.Pachy_Character_BP,pachy,Pachycephalosaurus,ataque,C,28,market_p2p,1500,13500,1500,15000,2400,20625,pachy,,pachy,0,0
/Game/PrimalEarth/Dinos/Pachyrhino/Pachyrhino_Character_BP.Pachyrhino_Character_BP,Pachyrhino_Character_BP.Pachyrhino_Character_BP,pachyrhinosaurus,Pachyrhinosaurus,utilitario,B,46,market_p2p,2500,12500,2500,15000,4000,20875,pachyrhinosaurus,,pachyrhinosaurus,0,0
/Game/PrimalEarth/Dinos/Para/Para_Character_BP.Para_Character_BP,Para_Character_BP.Para_Character_BP,parasaur,Parasaur,locomocao,C,28,market_p2p,1000,7000,1000,8000,1600,11050,parasaur,,parasaur,0,0
/Game/PrimalEarth/Dinos/Pela/Pela_Character_BP.Pela_Character_BP,Pela_Character_BP.Pela_Character_BP,pelagornis,Pelagornis,locomocao,C,28,market_p2p,1000,7000,1000,8000,1600,11050,pelagornis,,pelagornis,0,0
/Game/PrimalEarth/Dinos/Plesiosaur/Plesiosaur_Character_BP.Plesiosaur_Character_BP,Plesiosaur_Character_BP.Plesiosaur_Character_BP,plesiosaur,Plesiossauro,ataque,B,46,market_p2p,3500,31500,3500,35000,5600,48125,plesiosaur,,plesiosaur,0,0
/Game/PrimalEarth/Dinos/Procoptodon/Procoptodon_Character_BP.Procoptodon_Character_BP,Procoptodon_Character_BP.Procoptodon_Character_BP,procoptodon,Procoptodon,locomocao,C,28,market_p2p,1000,7000,1000,8000,1600,11050,procoptodon,,procoptodon,0,0
/Game/PrimalEarth/Dinos/Ptero/Ptero_Character_BP.Ptero_Character_BP,Ptero_Character_BP.Ptero_Character_BP,pteranodon,Pteranodonte,locomocao,C,28,market_p2p,1000,7000,1000,8000,1600,11050,pteranodon,,pteranodon,0,0
/Game/PrimalEarth/Dinos/Scorpion/Scorpion_Character_BP.Scorpion_Character_BP,Scorpion_Character_BP.Scorpion_Character_BP,pulmonoscorpius,Pulmonoscorpius,ataque,C,28,market_p2p,1500,13500,1500,15000,2400,20625,pulmonoscorpius,,pulmonoscorpius,0,0
/Game/PrimalEarth/Dinos/Quetz/Quetz_Character_BP.Quetz_Character_BP,Quetz_Character_BP.Quetz_Character_BP,quetzal,Quetzal,locomocao,A,62,market_p2p,7000,35000,7000,42000,11200,58450,quetzal,,quetzal,0,0
/Game/PrimalEarth/Dinos/Raptor/Raptor_Character_BP.Raptor_Character_BP,Raptor_Character_BP.Raptor_Character_BP,raptor,Raptor,ataque,C,28,market_p2p,1500,13500,1500,15000,2400,20625,raptor,,raptor,0,0
/Game/PrimalEarth/Dinos/Sarco/Sarco_Character_BP.Sarco_Character_BP,Sarco_Character_BP.Sarco_Character_BP,sarco,Sarcosuchus,ataque,C,28,market_p2p,1500,13500,1500,15000,2400,20625,sarco,,sarco,0,0
/Game/PrimalEarth/Dinos/Spino/Spino_Character_BP.Spino_Character_BP,Spino_Character_BP.Spino_Character_BP,spinosaur,Spinossauro,ataque,B,46,market_p2p,3500,31500,3500,35000,5600,48125,spinosaur,,spinosaur,0,0
/Game/PrimalEarth/Dinos/Stego/Stego_Character_BP.Stego_Character_BP,Stego_Character_BP.Stego_Character_BP,stegosaurus,Estegossauro,utilitario,B,46,market_p2p,2500,12500,2500,15000,4000,20875,stegosaurus,,stegosaurus,0,0
/Game/PrimalEarth/Dinos/Tapejara/Tapejara_Character_BP.Tapejara_Character_BP,Tapejara_Character_BP.Tapejara_Character_BP,tapejara,Tapejara,locomocao,B,46,market_p2p,3500,31500,3500,35000,5600,48125,tapejara,,tapejara,0,0
/Game/PrimalEarth/Dinos/TerrorBird/TerrorBird_Character_BP.TerrorBird_Character_BP,TerrorBird_Character_BP.TerrorBird_Character_BP,terror_bird,Terror Bird,ataque,C,28,market_p2p,1500,13500,1500,15000,2400,20625,terror_bird,,terror_bird,0,0
/Game/PrimalEarth/Dinos/Therizino/Therizino_Character_BP.Therizino_Character_BP,Therizino_Character_BP.Therizino_Character_BP,therizinosaur,Therizinossauro,utilitario,A,62,market_p2p,7000,35000,7000,42000,11200,58450,therizinosaur,,therizinosaur,0,0
/Game/PrimalEarth/Dinos/Thylacoleo/Thylacoleo_Character_BP.Thylacoleo_Character_BP,Thylacoleo_Character_BP.Thylacoleo_Character_BP,thylacoleo,Thylacoleo,ataque,B,46,market_p2p,3500,31500,3500,35000,5600,48125,thylacoleo,,thylacoleo,0,0
/Game/PrimalEarth/Dinos/Trike/Trike_Character_BP.Trike_Character_BP,Trike_Character_BP.Trike_Character_BP,triceratops,Triceratops,utilitario,C,28,market_p2p,800,7200,800,8000,1280,11000,triceratops,,triceratops,0,0
/Game/PrimalEarth/Dinos/Rhino/Rhino_Character_BP.Rhino_Character_BP,Rhino_Character_BP.Rhino_Character_BP,woolly_rhino,Rinoceronte Lanoso,ataque,B,46,market_p2p,3500,31500,3500,35000,5600,48125,woolly_rhino,,woolly_rhino,0,0
/Game/PrimalEarth/Dinos/Toad/Toad_Character_BP.Toad_Character_BP,Toad_Character_BP.Toad_Character_BP,beelzebufo,Beelzebufo,utilitario,C,28,market_p2p,800,7200,800,8000,1280,11000,beelzebufo,,beelzebufo,0,0
/Game/PrimalEarth/Dinos/Dimorph/Dimorph_Character_BP.Dimorph_Character_BP,Dimorph_Character_BP.Dimorph_Character_BP,dimorphodon,Dimorphodon,ataque,C,28,market_p2p,1500,13500,1500,15000,2400,20625,dimorphodon,,dimorphodon,0,0
/Game/PrimalEarth/Dinos/Diplocaulus/Diplocaulus_Character_BP.Diplocaulus_Character_BP,Diplocaulus_Character_BP.Diplocaulus_Character_BP,diplocaulus,Diplocaulus,utilitario,C,28,market_p2p,800,7200,800,8000,1280,11000,diplocaulus,,diplocaulus,0,0
/Game/PrimalEarth/Dinos/DungBeetle/DungBeetle_Character_BP.DungBeetle_Character_BP,DungBeetle_Character_BP.DungBeetle_Character_BP,dung_beetle,Besouro do Esterco,utilitario,C,28,market_p2p,800,7200,800,8000,1280,11000,dung_beetle,,dung_beetle,0,0
/Game/PrimalEarth/Dinos/Bee/Bee_Character_BP.Bee_Character_BP,Bee_Character_BP.Bee_Character_BP,giant_bee,Abelha Gigante,utilitario,C,28,market_p2p,800,7200,800,8000,1280,11000,giant_bee,,giant_bee,0,0
/Game/PrimalEarth/Dinos/Dolphin/Dolphin_Character_BP.Dolphin_Character_BP,Dolphin_Character_BP.Dolphin_Character_BP,ichthyosaurus,Ictiosaurus (Ichthyosaurus),locomocao,C,28,market_p2p,1000,7000,1000,8000,1600,11050,ichthyosaurus,,ichthyosaurus,0,0
/Game/PrimalEarth/Dinos/Kairuku/Kairuku_Character_BP.Kairuku_Character_BP,Kairuku_Character_BP.Kairuku_Character_BP,kairuku,Kairuku,utilitario,C,28,market_p2p,800,7200,800,8000,1280,11000,kairuku,,kairuku,0,0
/Game/PrimalEarth/Dinos/Liopleurodon/Liopleurodon_Character_BP.Liopleurodon_Character_BP,Liopleurodon_Character_BP.Liopleurodon_Character_BP,liopleurodon,Liopleurodon,utilitario,B,46,market_p2p,2500,12500,2500,15000,4000,20875,liopleurodon,,liopleurodon,0,0
/Game/PrimalEarth/Dinos/Oviraptor/Oviraptor_Character_BP.Oviraptor_Character_BP,Oviraptor_Character_BP.Oviraptor_Character_BP,oviraptor,Oviraptor,utilitario,C,28,market_p2p,800,7200,800,8000,1280,11000,oviraptor,,oviraptor,0,0
/Game/PrimalEarth/Dinos/Titanosaur/Titanosaur_Character_BP.Titanosaur_Character_BP,Titanosaur_Character_BP.Titanosaur_Character_BP,titanosaur,Titanossauro,utilitario,S,78,market_p2p,9500,65500,9500,75000,15200,103625,titanosaur,,titanosaur,0,0
/Game/PrimalEarth/Dinos/Troodon/Troodon_Character_BP.Troodon_Character_BP,Troodon_Character_BP.Troodon_Character_BP,troodon,Troodon,ataque,C,28,market_p2p,1500,13500,1500,15000,2400,20625,troodon,,troodon,0,0
/Game/PrimalEarth/Dinos/Tusoteuthis/Tusoteuthis_Character_BP.Tusoteuthis_Character_BP,Tusoteuthis_Character_BP.Tusoteuthis_Character_BP,tusoteuthis,Tusoteuthis,ataque,A,62,market_p2p,9500,65500,9500,75000,15200,103625,tusoteuthis,,tusoteuthis,0,0
/Game/ScorchedEarth/Dinos/Mantis/Mantis_Character_BP.Mantis_Character_BP,Mantis_Character_BP.Mantis_Character_BP,mantis,Mantis,utilitario,B,46,market_p2p,2500,12500,2500,15000,4000,20875,mantis,,mantis,0,0
/Game/ScorchedEarth/Dinos/Camelsaurus/camelsaurus_Character_BP.camelsaurus_Character_BP,camelsaurus_Character_BP.camelsaurus_Character_BP,morellatops,Morellatops,utilitario,C,28,market_p2p,800,7200,800,8000,1280,11000,morellatops,,morellatops,0,0
/Game/ScorchedEarth/Dinos/Phoenix/Phoenix_Character_BP.Phoenix_Character_BP,Phoenix_Character_BP.Phoenix_Character_BP,phoenix,Fênix (Phoenix),ataque,A,62,market_p2p,9500,65500,9500,75000,15200,103625,phoenix,,phoenix,0,0
/Game/ScorchedEarth/Dinos/RockGolem/RockGolem_Character_BP.RockGolem_Character_BP,RockGolem_Character_BP.RockGolem_Character_BP,rock_elemental,Elemental de Pedra,utilitario,B,46,market_p2p,2500,12500,2500,15000,4000,20875,rock_elemental,,rock_elemental,0,0
/Game/ScorchedEarth/Dinos/SpineyLizard/SpineyLizard_Character_BP.SpineyLizard_Character_BP,SpineyLizard_Character_BP.SpineyLizard_Character_BP,thorny_dragon,Dragão Espinhoso,utilitario,C,28,market_p2p,800,7200,800,8000,1280,11000,thorny_dragon,,thorny_dragon,0,0
/Game/ScorchedEarth/Dinos/Wyvern/Wyvern_Character_BP_Fire.Wyvern_Character_BP_Fire,Wyvern_Character_BP_Fire.Wyvern_Character_BP_Fire,wyvern_fire,Wyvern de Fogo,ataque,A,62,market_p2p,9500,65500,9500,75000,15200,103625,wyvern_fire,,wyvern_fire,0,0
/Game/ScorchedEarth/Dinos/Wyvern/Wyvern_Character_BP_Lightning.Wyvern_Character_BP_Lightning,Wyvern_Character_BP_Lightning.Wyvern_Character_BP_Lightning,wyvern_lightning,Wyvern Relâmpago,ataque,A,62,market_p2p,9500,65500,9500,75000,15200,103625,wyvern_lightning,,wyvern_lightning,0,0
/Game/ScorchedEarth/Dinos/Wyvern/Wyvern_Character_BP_Poison.Wyvern_Character_BP_Poison,Wyvern_Character_BP_Poison.Wyvern_Character_BP_Poison,wyvern_poison,Wyvern Venenosa,ataque,A,62,market_p2p,9500,65500,9500,75000,15200,103625,wyvern_poison,,wyvern_poison,0,0
/Game/Aberration/Dinos/Basilisk/Basilisk_Character_BP.Basilisk_Character_BP,Basilisk_Character_BP.Basilisk_Character_BP,basilisk,Basilisco (Basilisk),ataque,B,46,market_p2p,3500,31500,3500,35000,5600,48125,basilisk,,basilisk,0,0
/Game/Aberration/Dinos/Crab/Crab_Character_BP.Crab_Character_BP,Crab_Character_BP.Crab_Character_BP,karkinos,Karkinos,utilitario,A,62,market_p2p,7000,35000,7000,42000,11200,58450,karkinos,,karkinos,0,0
/Game/Aberration/Dinos/CaveWolf/CaveWolf_Character_BP.CaveWolf_Character_BP,CaveWolf_Character_BP.CaveWolf_Character_BP,ravager,Ravager,ataque,B,46,market_p2p,3500,31500,3500,35000,5600,48125,ravager,,ravager,0,0
/Game/Aberration/Dinos/MoleRat/MoleRat_Character_BP.MoleRat_Character_BP,MoleRat_Character_BP.MoleRat_Character_BP,roll_rat,Rato Rolador (Roll Rat),utilitario,C,28,market_p2p,800,7200,800,8000,1280,11000,roll_rat,,roll_rat,0,0
/Game/Aberration/Dinos/LanternPug/LanternPug_Character_BP.LanternPug_Character_BP,LanternPug_Character_BP.LanternPug_Character_BP,bulbdog,Bulbdog,utilitario,C,28,market_p2p,800,7200,800,8000,1280,11000,bulbdog,,bulbdog,0,0
/Game/Aberration/Dinos/LanternBird/LanternBird_Character_BP.LanternBird_Character_BP,LanternBird_Character_BP.LanternBird_Character_BP,featherlight,Featherlight,utilitario,C,28,market_p2p,800,7200,800,8000,1280,11000,featherlight,,featherlight,0,0
/Game/Aberration/Dinos/LanternLizard/LanternLizard_Character_BP.LanternLizard_Character_BP,LanternLizard_Character_BP.LanternLizard_Character_BP,glowtail,Glowtail,utilitario,C,28,market_p2p,800,7200,800,8000,1280,11000,glowtail,,glowtail,0,0
/Game/Aberration/Dinos/LanternGoat/LanternGoat_Character_BP.LanternGoat_Character_BP,LanternGoat_Character_BP.LanternGoat_Character_BP,shinehorn,Shinehorn,utilitario,C,28,market_p2p,800,7200,800,8000,1280,11000,shinehorn,,shinehorn,0,0
/Game/Extinction/Dinos/Gacha/Gacha_Character_BP.Gacha_Character_BP,Gacha_Character_BP.Gacha_Character_BP,gacha,Gacha,utilitario,B,46,market_p2p,2500,12500,2500,15000,4000,20875,gacha,,gacha,0,0
/Game/Extinction/Dinos/Gasbags/GasBags_Character_BP.GasBags_Character_BP,GasBags_Character_BP.GasBags_Character_BP,gasbags,Gasbags,locomocao,C,28,market_p2p,1000,7000,1000,8000,1600,11050,gasbags,,gasbags,0,0
/Game/Extinction/Dinos/IceJumper/IceJumper_Character_BP.IceJumper_Character_BP,IceJumper_Character_BP.IceJumper_Character_BP,managarmr,Managarmr,ataque,A,62,market_p2p,9500,65500,9500,75000,15200,103625,managarmr,,managarmr,0,0
/Game/Extinction/Dinos/Owl/Owl_Character_BP.Owl_Character_BP,Owl_Character_BP.Owl_Character_BP,snow_owl,Coruja da Neve (Snow Owl),utilitario,A,62,market_p2p,7000,35000,7000,42000,11200,58450,snow_owl,,snow_owl,0,0
/Game/Extinction/Dinos/Spindles/Spindles_Character_BP.Spindles_Character_BP,Spindles_Character_BP.Spindles_Character_BP,velonasaur,Velonasauro,ataque,A,62,market_p2p,9500,65500,9500,75000,15200,103625,velonasaur,,velonasaur,0,0
/Game/Genesis/Dinos/BogSpider/BogSpider_Character_BP.BogSpider_Character_BP,BogSpider_Character_BP.BogSpider_Character_BP,bloodstalker,Bloodstalker,locomocao,A,62,market_p2p,7000,35000,7000,42000,11200,58450,bloodstalker,,bloodstalker,0,0
/Game/Genesis/Dinos/Shapeshifter/Shapeshifter_Small_Character_BP.Shapeshifter_Small_Character_BP,Shapeshifter_Small_Character_BP.Shapeshifter_Small_Character_BP,ferox,Ferox,ataque,B,46,market_p2p,3500,31500,3500,35000,5600,48125,ferox,,ferox,0,0
/Game/Genesis/Dinos/BiomeVariants/Volcano/Cherufe_Character_BP.Cherufe_Character_BP,Cherufe_Character_BP.Cherufe_Character_BP,magmasaur,Magmasauro,ataque,A,62,market_p2p,9500,65500,9500,75000,15200,103625,magmasaur,,magmasaur,0,0
/Game/Genesis2/Dinos/Amargasaurus/Amargasaurus_Character_BP.Amargasaurus_Character_BP,Amargasaurus_Character_BP.Amargasaurus_Character_BP,amargasaurus,Amargassauro,ataque,B,46,market_p2p,3500,31500,3500,35000,5600,48125,amargasaurus,,amargasaurus,0,0
/Game/Genesis2/Dinos/MilkGlider/MilkGlider_character_BP.MilkGlider_character_BP,MilkGlider_character_BP.MilkGlider_character_BP,maewing,Maewing,utilitario,B,46,market_p2p,2500,12500,2500,15000,4000,20875,maewing,,maewing,0,0
/Game/Genesis2/Dinos/BrainSlug/BrainSlug_Character_BP.BrainSlug_Character_BP,BrainSlug_Character_BP.BrainSlug_Character_BP,noglin,Noglin,ataque,A,62,market_p2p,9500,65500,9500,75000,15200,103625,noglin,,noglin,0,0
/Game/LostIsland/Dinos/Dinopithecus/Dinopithecus_Character_BP.Dinopithecus_Character_BP,Dinopithecus_Character_BP.Dinopithecus_Character_BP,dinopithecus,Dinopithecus,ataque,B,46,market_p2p,3500,31500,3500,35000,5600,48125,dinopithecus,,dinopithecus,0,0
/Game/LostIsland/Dinos/Sinomacrops/Sinomacrops_Character_BP.Sinomacrops_Character_BP,Sinomacrops_Character_BP.Sinomacrops_Character_BP,sinomacrops,Sinomacrops,utilitario,C,28,market_p2p,800,7200,800,8000,1280,11000,sinomacrops,,sinomacrops,0,0
/Game/Fjordur/Dinos/Andrewsarchus/Andrewsarchus_Character_BP.Andrewsarchus_Character_BP,Andrewsarchus_Character_BP.Andrewsarchus_Character_BP,andrewsarchus,Andrewsarchus,locomocao,B,46,market_p2p,3500,31500,3500,35000,5600,48125,andrewsarchus,,andrewsarchus,0,0
/Game/Fjordur/Dinos/Fjordhawk/Fjordhawk_Character_BP.Fjordhawk_Character_BP,Fjordhawk_Character_BP.Fjordhawk_Character_BP,fjordhawk,Falcão de Fjordur (Fjordhawk),utilitario,B,46,market_p2p,2500,12500,2500,15000,4000,20875,fjordhawk,,fjordhawk,0,0
/Game/Mods/Additions_Pack/Ceratosaurus/Dinos/CeratosaurusAA_Character_BP.CeratosaurusAA_Character_BP,ceratosaurusaa_character_bp,ceratosaurus,Ceratosaurus,ataque,B,50,market_p2p,3500,31500,3500,35000,5600,48125,ceratosaurus,,ceratosaurus,0,6000
/Game/Mods/Additions_Pack/Deinotherium/Dinos/Deinotherium_Character_BP.Deinotherium_Character_BP,deinotherium_character_bp,deinotherium,Deinotherium,ataque,A,58,market_p2p,7000,35000,7000,42000,11200,61250,deinotherium,,deinotherium,0,10000
/Game/Mods/Additions_Pack/Helicoprion/Dinos/G_Helicoprion_Character_BP.G_Helicoprion_Character_BP,g_helicoprion_character_bp,helicoprion,Helicoprion,utilitario,B,52,market_p2p,3500,31500,3500,35000,5600,48125,helicoprion,,helicoprion,0,6500
